Post ID,Username,Post Date,Title,Body
15,a,2018-05-13 20:59:17,a,sadsa
9,asd,2018-05-13 15:42:20,dsadsa,testasdsada
10,asd,2018-05-13 15:42:21,test,"asdsadsdas
dsaaa

sdasdsad


dsadsa"
12,asd,2018-05-13 16:40:00,asdsa,asdsadaaaaaaaaaaaaaaaaaaaaaaa
14,s,2018-05-13 20:10:39,post by asd,"1
2
3
4
5"
1,ty,2018-05-13 14:31:34,title,body body body
2,ty,2018-05-13 15:12:32,title,booooody
4,ty,2018-05-13 15:12:34,title,booooody
5,ty,2018-05-13 15:12:34,title,fdsfds
6,ty,2018-05-13 15:12:35,title,booooody
7,ty,2018-05-13 15:12:36,title,booooody
8,ty,2018-05-13 15:12:36,title,booooody
16,ty,2018-05-13 22:17:58,tea,dsadsadsa
